"VCI","LAI","TrendSig","PreSum2000.2020Mean","SnowCoverSum2000.2020Mean","SnowDepthSum2000.2020Mean","SnowWaterSum2000.2020Mean","PreWin2000.2020Mean","SnowCoverWin2000.2020Mean","SnowDepthWin2000.2020Mean","SnowWaterWin2000.2020Mean","SoilEvapSum2000.2020Mean","PlantTransSum2000.2020Mean","SoilEvapWin2000.2020Mean","PlantTransWin2000.2020Mean","TemSum2000.2020Mean","SoilTemSum2000.2020Mean","TemWin2000.2020Mean","SoilTemWin2000.2020Mean","AmSum2000.2020Mean","SoilWaterSum2000.2020Mean","AmWin2000.2020Mean","SoilWaterWin2000.2020Mean"
"1",NA,NA,NA,NA,NA,NA,NA,NA,NA,NA,NA,NA,NA,NA,NA,NA,NA,NA,NA,NA,NA,NA,NA
"2",NA,NA,NA,NA,NA,NA,NA,NA,NA,NA,NA,NA,NA,NA,NA,NA,NA,NA,NA,NA,NA,NA,NA
"3",0.000978784649747697,0.119351627623312,0,0.000853785017101569,30.3554566329184,5.94997495720383,2.05968686351387,0.00324602972730483,1.80611899022102,5.78524424331413,2.0379800269831,1.06941482716593,6.89328096402429,56.6304985176563,0.786572114691321,5.21274226164336,9.12235924258713,4.49036700720855,9.19534758670798,4.04542199425768,0.0802100928835531,3.55961490789006,0.067176178643564
"4",NA,NA,NA,NA,NA,NA,NA,NA,NA,NA,NA,NA,NA,NA,NA,NA,NA,NA,NA,NA,NA,NA,NA
"5",0.00123961521894636,0.058206061353018,0,0.00436637027688998,13.2587970666971,0.208999131436114,0.0719077616034697,0.00649501382602016,32.0985979842547,0.571331937729225,0.108372244978466,18.7863149560958,7.33083866040255,26.1512695864391,1.00172851367881,0.515908662265425,0.524498873756841,1.42894355973947,2.17022334810978,0.412930715164898,0.0907057910657651,2.39852983650647,0.061664147928432
"6",0.0014774810112161,0.0846507832334753,0,0.00312392265550878,7.80316534610735,0.131272699108394,0.0466852372144894,0.00197563590725209,4.22112452560718,0.0919506260443628,0.0203008230164203,130.79455146862,9.91835111744331,25.410050540696,0.0592622826137297,1.37488600888081,2.59963020401067,0.942228116182098,2.45599913908211,2.26132336495246,0.0254271321588436,0.3646238557625,0.00728571563683329
"7",0.00126078312056103,0.0494403418842236,0,0.00183387957391469,5.73469341375614,0.0107337835840368,0.00222458898267777,0.000698821996833167,14.784215670706,0.0630154258979312,0.0104464347508299,55.3531569397736,24.4811060993781,21.4492079554335,1.43701749735871,0.835642630161679,0.935736601096442,0.966832284633809,1.33847443656413,1.05761568193977,0.0942634458162666,1.87039827938114,0.10098768356196
"8",0.00147972399740253,0.0944357727249912,0,0.000728034124130897,2.0400973234799,0.00205584873846969,0.000306385754047015,0.000119108837873744,4.22261689493018,0.00458719436748755,0.000672955557785311,10.2540675279024,6.85622699167814,1.22075021537463,0.642293600004215,0.587037296282182,0.400425480896851,0.572457836606581,0.347158807047548,0.607940772055717,0.0819735339054195,0.718634959969673,0.0820627835052215
"9",0.0016666204165002,0.0285719458662581,0,0.00239014555346966,4.85473710351203,0.0253060402142161,0.0080108977330738,0.00151381977046392,17.0280343805175,0.139326055433299,0.0258263526959639,30.183495445255,8.18085566183293,22.8698721904988,0.96123902968454,3.10537156648813,3.00700930029676,2.57763761252078,2.61728574185158,1.90889350718659,0.103416017348199,3.28435989709317,0.0960990226558535
"10",0.00148702344163937,0.0549370284229332,0,0.00250490599040349,5.82001071552352,0.0078625715588987,0.00132000811621986,0.000461134532599191,13.3983489351877,0.0399524861771903,0.00663900131946308,18.7027157755817,9.29550822953205,12.9900745080529,1.23985043315354,1.28261130720656,1.27885088863781,1.33589689364904,1.49436364289783,1.02176261971305,0.0766855779788418,1.46164470021448,0.0825702381359412
"11",0.00134181789178468,0.137015650624354,0,0.00336008312973011,13.8723476048023,1.48255684481358,0.445556088745208,0.00286874574587433,23.7981333616879,1.60497615749576,0.460453478040083,59.2168819941244,12.5849943127641,22.4289421483236,1.90052109103428,2.26356556093014,2.38339051968093,2.83743059030582,2.98447763816332,1.3808981945902,0.115763439505183,1.72702698565781,0.129917997054183
"12",0.00137351684652179,0.048660393920666,0,0.00203806659038212,8.14398233513109,0.0661974181004906,0.024737406216928,0.00285238072114686,17.4671222261412,0.235203620161867,0.0498800105515224,43.2099333156478,8.59885576300708,9.65155766799819,1.56206592117653,1.92434860318641,2.04749686412756,2.49999602691474,2.7454363835462,1.28825882866608,0.10421161101409,1.9863922232665,0.119176720864312
"13",0.00124156554821414,0.220967886985546,0,0.00230116893322363,8.09623012932226,0.0532651670473802,0.0185156779682611,0.00237989564068998,19.3763859075154,0.190938206189523,0.0371791283883611,32.7242314427259,8.09610185074537,16.0020923214735,1.29815932179086,1.79719150797445,1.79603972402201,2.13400756251923,2.19818999428119,0.870868797367344,0.100043041173591,1.75684468821575,0.112726409697756
"14",0.00148393169288137,0.172127509071457,0,0.0029496798258245,10.8502157013537,0.356646130769467,0.106407856848768,0.00192123492544053,22.5485317585451,0.42605264440982,0.115258005655789,62.2832029948801,10.4920576353066,17.5290607292584,1.6083877566989,2.27981859195395,2.31439716629507,2.82047867135284,2.8814250711994,1.58451601394144,0.0936303140001042,2.0383821956272,0.111687858024088
"15",0.00138206270869744,0.183856733213324,0,0.00333383369840588,8.46100991457348,0.0939215820686781,0.0289112525244349,0.0024435441591757,20.3267258442559,0.198617872655317,0.0446482661127005,47.8069263480295,10.6345097771519,19.2711013360633,1.78417373003052,3.63153598984094,3.32776759347509,3.05624987271522,3.4117059497294,1.47837850232713,0.0993013559958485,3.49023310211293,0.104504171803257
"16",0.00148732694755664,0.245730574292417,0,0.00290520279991294,7.30547372363365,0.00847088761295874,0.00136291469311403,0.00123811854106322,16.5062490714465,0.0693137223091874,0.0139888865678893,49.7171619848469,8.8972824965592,10.8135181471036,1.59871394781556,2.87509980078542,2.57535349617392,2.84614912667383,2.89117875598847,1.36547467717611,0.104524856618937,2.57913609219408,0.115659784351571
"17",0.00145447550104292,0.157031646620491,0,0.00297489581793431,7.47504015285209,0.00857946928342231,0.00138465413597375,0.00129504541755916,15.5677233549129,0.0698603625530363,0.0143588214709466,57.2051144934531,9.06803911573599,14.3569934179834,1.48301272981574,2.76008955024288,2.50843035298376,2.68394964659647,3.04636118439771,1.53316394431114,0.0959735018495467,2.66097323932554,0.10927125372733
"18",0.0014889886515014,0.188425198033687,0,0.00428670920582208,6.88264611734592,0.00785015480288072,0.00122519291009524,0.00050595509084465,14.491036797056,0.0225713839353467,0.00346659826338459,58.790359691263,11.2419776902848,10.5028135668461,1.98915413922282,2.53066163237054,2.35580985241308,2.5627219159795,2.63674253871789,1.3079768631887,0.101805819825274,2.09972277162687,0.110407424131103
"19",0.00150542006595586,0.173522531956111,0,0.00348973270625632,9.01822160646064,0.0576165419545114,0.0212248878941004,0.0027838067518415,21.7676254145925,0.212138945713532,0.0457207094380399,65.1435041009378,9.20487556776536,18.414540936753,1.86657908813058,3.09720554831336,2.98721960644757,2.96421900568749,3.03163449276971,1.61726257174833,0.099640180431613,3.1136139622824,0.105740939800953
"20",0.00134329362794207,0.205021616627834,0,0.00351939799447455,7.90935088803384,0.0390500131156434,0.013053988958765,0.00154371159631451,18.0023300739828,0.117988891224125,0.022256984130656,70.2191843088183,8.61581892991016,15.2573838028605,1.96740267112273,2.77928249988646,2.88291508700611,3.06660003042141,3.26241742408997,1.58283255730554,0.0887208061729743,3.04446852999853,0.0986972239887307
"21",0.00136152601828762,0.131881331785481,0,0.00502863690944759,8.52427985231373,0.0289411921032748,0.00803118335054131,0.00128439428109281,22.2304943170474,0.0858434242114325,0.0152192413853633,67.708592654073,10.7386938536375,16.8594500881347,2.178093157081,2.27325033043717,2.287859257579,2.78933578137874,3.04215733033663,1.56652634310733,0.0766819694160664,2.72152501959564,0.0873405565273774
"22",0.00143092775700216,0.241437861670655,0,0.00353622543984268,9.39821985861082,0.0431378218848765,0.015699302304609,0.00220781516752202,20.2025586012199,0.15798152022128,0.0359078882212472,66.2472687110692,10.7234918743028,14.9549226202301,2.10330477383558,3.28206244663056,3.38776720358841,2.93255591756909,3.23163539481495,1.65308647201236,0.0944548041549556,3.41030097090053,0.0969254576145304
"23",0.00143328207896975,0.0758619971799383,0,0.00369700682941123,8.80934247676724,0.049392944514279,0.0184590059373806,0.00265937595280545,21.6684350236138,0.181773841757522,0.0399322124866369,75.3242549375376,13.411606260765,20.8507441748119,2.4869073065588,3.21782179273103,3.01598984765749,2.94134528242786,3.45115915485628,1.93657644346925,0.0905377059362852,3.64345839403956,0.0940333812972432
"24",0.0014419159867037,0.0732577701650745,0,0.00341452325804857,8.83790362953825,0.0477235526663234,0.0166289559421575,0.00213320349289023,22.4572070164311,0.178550450509392,0.0360702833830932,64.69634072313,12.9497753305825,13.432555998537,2.50483213175093,2.88124995973097,2.63612740620505,2.97833342470667,3.03931970382554,1.61226431916982,0.0813424186213445,2.92962194476135,0.0880453021383168
"25",0.00147596463655121,0.0995822742241796,0,0.00317405919106034,10.474642689552,0.0554634612777465,0.0173383604529398,0.0017392148725648,21.8468626068036,0.146827194611762,0.0274000648076449,66.7637108874653,12.5539767586722,18.7461707584045,2.20483589837007,3.05006793693939,2.99655898152275,3.11333421715419,3.34036699065974,1.72241276916206,0.093495158561814,3.14752325396031,0.100712187238387
"26",0.00145772005889565,0.140669154525817,0,0.00585613593885588,11.6403845025201,1.12264057275959,0.337556241365709,0.0036861887573715,22.7773554321198,1.18911790280343,0.349986272081871,73.3277337521519,14.9306728605161,22.8958120713109,2.36811480411449,2.58986014575586,2.35734142014433,2.79683529771965,3.35748898175997,2.05853231154981,0.0909041543406321,3.20820551444008,0.101659073788676
"27",0.00145765207191924,0.285252664542206,0,0.00443387695523062,8.7300180766132,0.0152366703294094,0.00349226491049057,0.00175005524368162,19.9579570681261,0.101908595160422,0.0233173090193898,65.584931094159,13.9199765229743,18.1988057648049,2.49000161333231,2.94671910959,2.68211924428346,3.08737178851773,3.29335205881764,1.95532336335572,0.0961448220050279,3.29254345043225,0.10091648078998
"28",0.00160421565916734,0.0642934370477002,0,0.00460346115068369,9.68577391442328,0.0660605715355929,0.0247865468240268,0.00278250405399929,21.0828730474569,0.194018486635513,0.0427587227347265,79.6666052789298,14.1986943067452,20.3132063123191,2.70329033481852,3.73345006896824,3.71776539277732,2.9167441752662,3.60285090942963,1.70482126393419,0.108032985625624,4.35917716616635,0.102527511965435
"29",0.00143072200811524,0.13157141386309,0,0.0046185911363484,9.13118814365531,0.01323753312686,0.00245524824499362,0.00206633632961815,21.7956517371407,0.0917445419071424,0.0178673304967806,75.93308928512,19.5002318556297,20.57206614453,2.70058513943467,3.6569192738747,3.83778168891178,2.92555872946039,3.48444021177868,1.50734042693868,0.114296378862289,4.08420798420196,0.102173019578437
"30",0.00139175242748795,0.151974085171756,0,0.00372262332428812,9.81403808159401,0.0650402097233795,0.0232358786061675,0.00338673188630925,23.8131910974613,0.240661326094895,0.0512105198077162,80.76929884003,14.3323155575762,27.2304326807979,2.59458014410255,3.10950641684459,3.06288634466033,3.17058200112908,3.56409502267611,1.92294430752454,0.122699379706804,3.99954512006344,0.120895065456424
"31",0.00134030650384938,0.097252840414868,0,0.00495218803738001,9.40973518840721,0.0478471022537919,0.016800986109686,0.00288088191198516,24.3001164810068,0.199327149574996,0.0430078603329799,83.7076217426283,17.5814778255527,24.4744529312045,3.44526403564544,3.53174715956302,3.50289605868581,3.31278425633648,3.68811592238976,1.85793387480909,0.10983864738911,3.91160534337937,0.103932950712893
"32",0.00137184185668204,0.18783040950565,0,0.00619358632309498,10.2794042690264,0.0260739975069124,0.00772916143395521,0.00220933490661381,23.6007835360988,0.126036759106232,0.0241570388704169,95.3141028531764,19.490107315635,23.9786292144715,3.24634956759344,4.14613978414177,4.07613154240229,3.95143834197564,4.28839223085657,2.06784671632249,0.116479424937051,4.28532254584343,0.104763970678921
"33",0.00138991992549975,0.0912935590606205,0,0.00538712752579828,10.3068973983888,0.0585529282001858,0.0218519208695476,0.00345362258889603,26.2568198951112,0.241760520126098,0.0538408115668046,89.8924754886335,18.5215380405036,27.8651061244174,3.22146214278385,3.81889395942939,3.66625265908217,3.42484760151307,4.02241250169229,2.31700949762932,0.124470955815842,4.26650710051611,0.115329620947928
"34",0.00140594341320578,0.0970465542188167,0,0.00420976075333099,10.2020654574521,0.0308531445699555,0.00913169248080626,0.0023725019381178,22.3976355611244,0.141946434816915,0.0322702105338885,85.8556535980507,21.1414129328042,23.7065534905158,3.24138302424472,3.47711582644192,3.33342214478137,3.47826430180291,3.82741857517532,2.08534002341504,0.127758259920054,3.70611062617139,0.122550452525746
"35",0.00146362022688789,0.17287556138848,0,0.00534291671755738,11.2369126391492,0.0171867876975723,0.00296948930567692,0.00166553783263861,21.2594162211086,0.0866653283790267,0.017117418983255,92.2979121786785,22.3858281685296,22.5913805948056,4.49911184504993,4.43886748172022,4.22066998776162,4.49950221098483,4.15542866928504,2.2754913350611,0.136318889119338,4.32173812968324,0.120001034471309
"36",0.00149421233245526,0.187791340157534,0,0.00497961597551135,11.3731261016561,0.0450060568602088,0.0149484618841664,0.00289912735491524,24.8119644656071,0.191893239886193,0.0395690562541376,93.737403951201,21.9875964101055,25.844220324769,3.04778142054359,3.6149341616709,3.57640877593415,3.81921078583406,4.09469875970623,2.52872806390074,0.123141999735999,4.32251933292001,0.113345030612891
"37",0.0013702217655861,0.0898779354088961,0,0.00938989003231312,10.6625107046466,0.0953021273345427,0.0364559783947697,0.00440794827612764,30.7888730723865,0.276929738363644,0.0617848873352344,89.1311307004009,22.5958651042708,26.3829666146949,4.51999673777605,2.85217727663029,2.97269074293561,3.65007561549622,3.99713837222473,2.55475027113524,0.12119695555867,3.95229176259479,0.117859670778576
"38",0.00146403139341462,0.106752555477497,0,0.00680159544464459,13.8262581427909,0.109305774888976,0.0384471753218196,0.00420235693098096,29.8453896326416,0.290990364738372,0.0608040007259484,95.8298264103764,20.5377414693144,28.7765790933607,3.6737380704056,4.37123032559893,4.28065158645091,4.66685359361213,4.39048332671945,2.58211305594634,0.126451893910044,4.38128905804679,0.103298316814438
"39",0.00134746063509137,0.156043164397088,0,0.00632184889506977,10.7415426422219,0.0562117867254631,0.0207162545183262,0.00414759767657681,28.2766902773946,0.257399380271016,0.0580534579182372,83.3746923928907,19.8778079056528,31.6170136367834,4.41581267084422,4.16930646757499,4.08921381268272,4.26675958074412,3.97999374703191,2.54526504875056,0.128128078267205,4.47374870134019,0.105342014772647
"40",0.0012884691390193,0.153214733665272,0,0.00562028764781348,11.5536210598336,0.101935636245562,0.0358737870725976,0.00354352360338858,27.2730922174867,0.234593418818215,0.0487521963748637,86.598212274418,25.4074910766402,25.3264240711315,4.24694563248523,3.5656200634886,3.56665049725559,3.98136371032604,3.71964182831499,2.4401011484873,0.116660858548816,4.08528997956017,0.104240035193144
"41",0.00121679863008318,0.123146243060539,0,0.0077859694346295,12.9956936648509,0.127260104575402,0.0470007726573381,0.00554950310681304,31.4281949442559,0.360757618615402,0.0790989305830564,100.583606503698,27.7308602657849,36.6959318303162,4.42523813513666,4.26276316785282,4.05274146596421,4.55362205947021,3.87478512381854,2.59977251260066,0.12083902475915,4.66872538942526,0.100979886131468
"42",0.0013862605401587,0.0908076149929897,0,0.00583478595317341,11.1163143514678,0.0610555988485618,0.0203247875796218,0.00379092567167406,29.7907475763353,0.244037278641272,0.0513751749104206,92.4712365380513,21.4566077596301,29.7752414225311,4.24316069794526,4.15232082717353,3.86133019861763,4.69428335703768,3.96224406114465,2.66450401433178,0.0916645277973877,4.30816759785763,0.0863345609103385
"43",0.00147316283873432,0.182664885123886,0,0.00541118714788359,11.1809177279496,0.0459392969975247,0.0163776915427411,0.00336198051752429,27.8393047486113,0.230382274155942,0.0529113677098633,80.9874885582771,25.416657719371,21.6537410184448,4.50981980450502,3.41356030049076,3.36009023940402,4.28894629580929,3.89896679121718,2.50268017504881,0.116928886159166,3.82156870390567,0.110589110179582
"44",0.00128489635383867,0.162864260712822,0,0.00685175945634212,10.9012164331964,0.0888914677399382,0.0339655706167312,0.00416872762798625,27.8733981076163,0.232181673947271,0.0528890437093689,87.6568205777167,25.7699808109154,27.7485672112905,4.0153767552415,3.74598310914216,3.73464051793792,3.97023669661981,3.66109497880373,2.63287437071544,0.10013073334291,4.23359016880817,0.0874934140047474
"45",0.00150334194613958,0.0906776223842344,0,0.00721943575557307,11.5728124903809,0.069738474967071,0.0247834402271981,0.00366797392809759,31.727039337757,0.264986871221511,0.0562173153386365,94.5318610642748,27.2286285240037,24.2350056999453,4.65340916300333,4.07477344795175,4.01464438630972,4.88463276958429,3.86453842272512,2.92526570800987,0.124734737846037,4.72584724509916,0.111972699759166
"46",0.00142763965981605,0.0968273007094628,0,0.00694080079859464,12.4777113387307,0.0435436973012605,0.0110785937053343,0.00193521783613443,25.1950225543271,0.146112086900672,0.0275046194078876,87.6377336889887,25.0750440219262,20.7867273347916,4.22031046326583,4.02797458004443,3.85622091589783,4.62542212364138,3.71369426684012,2.31540628440812,0.0935761926088409,3.98964075976628,0.086684927315223
"47",0.00141747279459643,0.09508548313417,0,0.00734371566147897,11.5785076721881,0.0716376728164808,0.0255091342302525,0.00441324673093958,31.5369431997615,0.310403757990448,0.0693620371742756,82.8137305560944,31.6932926715327,25.7273270342277,4.22868778227369,3.48404374283302,3.56798954829916,4.12347919832567,3.66806608615267,2.49357896880232,0.103132258309871,3.58955558437809,0.0945280950134779
"48",0.00157794271210123,0.091972861513512,0,0.00615513397073697,13.0282111772411,0.0805801331984016,0.0271718481861114,0.00468392987298536,30.6908669660071,0.322671587593279,0.070259688686089,86.9604681337589,22.9563930888701,24.9557100086492,5.11230216381348,3.53093449464659,3.43171945445389,4.22038480800309,3.37177961359663,2.4356718880298,0.118056824052144,3.70246863531888,0.108539246840443
"49",0.00127902422539512,0.113086371890592,0,0.00751533593845646,12.2813968143311,0.191013646089352,0.0589068327939458,0.00459211434311476,30.6870936117793,0.355325315192516,0.0882499778024741,95.2743527647442,29.7832323477084,27.8353865433802,5.76419158421372,3.79461496410851,3.77285501679606,4.73212411489108,3.7361740367796,2.91385657112733,0.116643523468174,4.09552175959579,0.107569692779688
"50",0.00140819992707304,0.178847287499226,0,0.00747678272271307,13.6462496839962,2.67445660073715,0.802601698103349,0.00285922508838828,29.2655723716437,2.69387153884507,0.80639742869513,71.9420475581411,25.1279800265387,22.1925300891688,3.68377027012852,2.90525693955417,3.1422974693111,3.96028453768796,3.48359526641821,2.26206373750756,0.0959183045878228,3.60344205986186,0.0940627903088724
"51",0.00137737205118285,0.121523765285785,0,0.00645062270990707,14.7941906551028,2.77907550188737,0.833896778498472,0.00351737682318501,32.2270532725446,2.78737760121212,0.834980994689811,79.7375960663855,30.0022109144066,27.5352192213576,4.69602717986875,3.52705922359348,3.887990081183,4.48486990964211,3.69144801858831,2.43969983603644,0.105708827392909,3.73257148422957,0.0981657073250133
"52",0.00140182551593606,0.131365283833787,0,0.00597324551481154,12.1108800002896,0.14118140529716,0.052754662302758,0.00524067711984934,28.1265660763334,0.314059923362149,0.0689085959866218,84.1726232502314,31.2811505451069,27.5525078321442,4.47175216005514,4.13373933997282,3.96863207126481,4.62120167795788,3.64880066887961,2.8633330721667,0.102800983726724,4.3730693138603,0.097575465662362
"53",0.00148459289102505,0.120265155670467,0,0.00574305981660806,10.4346499562386,0.0270997795232013,0.00717824528854868,0.00216946411802977,26.5944087104587,0.154484354316769,0.0313210421929978,80.6400829082776,29.9504386288614,28.6968519928642,4.63857766319236,3.98980091972551,3.74224666740088,4.69645087486761,3.65631592801416,2.71135046291694,0.0994762454326391,4.02964912986738,0.0907861832566061
"54",0.00145933609912723,0.0993331581235038,0,0.00537012486503638,11.023289621956,0.0417342962123765,0.0120080748822976,0.00296628724708507,28.4650795297802,0.180498778966755,0.0368382789934608,77.2566286193018,26.8103158963389,25.3949303710329,5.0403130097461,3.45025968190531,3.48196954403261,4.3397591282067,3.25944420660209,2.3532108190638,0.120133686056626,3.83668383195185,0.116412743266306
"55",0.00152055956757414,0.122983160709501,0,0.00591213336810064,11.7319202814598,0.0443952559295994,0.0129161771201251,0.00432294830434966,30.2935020513963,0.245998230853726,0.0590963883192761,80.3311684698321,27.0214553529506,27.6914864128905,4.47127873876877,3.87265500400953,3.6838727082194,4.62458085672455,3.26450615718149,2.65635997428457,0.111362436007711,4.13569906254111,0.10452403767153
"56",0.00131103330282355,0.099387125460668,0,0.00439956040727151,9.87533910362724,0.0398526577321794,0.0134916412406743,0.00424198131060835,28.0165675602039,0.224268325301062,0.0518987684992769,65.054314622266,33.1660589025432,25.8351052480197,5.01579605136617,3.87790643091335,3.70043491359707,4.41674117450151,3.41215787524286,2.78755804894088,0.104429087236932,4.20548782805342,0.09140240483697
"57",0.0014617190081171,0.129925240249533,0,0.00500645318604487,12.3136916952427,0.0460679703561629,0.0121992890217917,0.00274299445951501,28.0632058561262,0.179495788612275,0.0364028185969847,72.6946835649327,31.6152232181084,25.6402533418953,3.91002441828049,4.10380182879899,3.96341696814876,4.34706913496724,3.22927628439348,2.83434181010279,0.105000680203211,3.98447585722424,0.0947265432185204
"58",0.00136628385627271,0.142420672077382,0,0.00646786076098343,10.2899171046195,0.0290452248460354,0.00815952629835118,0.00394355689800305,30.9339257687676,0.235780898130282,0.0533247676096625,76.4807154928616,32.1959263100044,26.5671125578594,5.58854109138947,4.3633427613017,4.0532410890439,4.61603303909978,3.56912126472276,3.097988626477,0.101583881120077,4.40039483143343,0.0877071077209561
"59",0.00140896523382288,0.113955045625211,0,0.00612761701425328,9.37305090920162,0.0337541052015038,0.0110393600850432,0.00507932152774923,30.0676286111819,0.288266780410663,0.0674547632902331,63.286065746939,30.1567549550913,28.8539018859085,4.54115947863428,4.168220277166,3.90659887613265,4.58677463357433,3.49891238898538,3.20030334151249,0.0955747146297797,4.48567381652389,0.0865820539480425
"60",0.00156036967911479,0.115412980671181,0,0.00569015316746902,9.74789173021104,0.0255953575247882,0.00697854984471856,0.00297501410746821,29.0838457387362,0.179901732802867,0.038308961426805,78.6771428223996,33.8415519119406,23.6800163619524,5.29313417198288,4.20827288761718,4.09987630159743,4.70584801839748,3.58574675886403,2.66752084921522,0.0887764457307462,4.05135726537385,0.0768800703303739
"61",0.00134806901641148,0.113551401929863,0,0.00480940593617485,11.3098811158457,0.0311441679575499,0.00813468267940823,0.00355630510072502,29.9802566379564,0.211154373867804,0.0481233623828706,69.9668833102762,33.0008674804232,25.527363951329,5.61251819948256,3.97496264378422,3.77710842327498,4.87810237179639,3.48929491111252,3.0553344297633,0.0778227530125352,4.18211537335162,0.0743323300454012
"62",0.00141461150056792,0.171382980778584,0,0.00953331742376362,11.907139908635,2.25536567017811,0.677480740549374,0.0057313608385552,29.4175606405295,2.29433454495549,0.685848896839615,81.5484221894001,38.3336081684429,28.4545622882029,6.82931611081439,4.02225397501094,3.76944378015281,4.06797056890611,2.98956506853231,2.85521443335735,0.107918806412704,4.14713429370815,0.0949331813915599
"63",0.0014559436877748,0.138595116807489,0,0.0057706693877855,11.3539942336201,0.0416165736499558,0.0116071887698168,0.00341336325179311,30.0896455190715,0.21624843498428,0.0450407503046252,76.6848911342422,33.0854180972257,27.8953923856877,4.57633172697671,4.19738302350131,3.75420880919466,4.60595582302135,3.25347393314024,3.08746874975062,0.0966114628223915,4.29699549370455,0.0889733309685247
"64",0.00142228873051391,0.14067462642851,0,0.00680633950031136,11.54516494917,0.0730891578504185,0.0266196448170654,0.00459317508378297,31.515800523375,0.275578315618974,0.0617471623001062,80.967917488446,39.7809779463684,29.4951639675711,4.54134663618023,3.36641389336884,3.18179471387656,4.23686157964959,3.33445626835798,2.82992773036153,0.0698289172074331,3.95535574705363,0.0665918102842767
"65",0.00153603857212581,0.141706668719395,0,0.00558845149713452,10.5494463102762,0.0404652775467276,0.0108175159410326,0.00315932979559431,31.5045365996828,0.227512621242532,0.047857133480731,75.7484904042959,31.6109767492775,29.5877670894643,4.96634218098232,3.1834291535194,3.13602337199166,4.1215490661352,3.22152170148209,2.6951246074832,0.0987469173002191,3.89799979976125,0.0886730586777684
"66",0.00145797789638551,0.133850643002603,0,0.00563436839828102,12.1142915137312,0.203880688693767,0.0657888270309721,0.00514516942535199,29.8124101045304,0.330766562717158,0.0803921550906745,69.0360250176408,36.1388665963535,26.9751464676016,5.29614168395727,3.82475735075713,3.66359812912856,4.41814098727587,3.04261285000974,3.21521213646169,0.0950546947992448,4.32967831131547,0.0850746008130784
"67",0.00149005668402632,0.144204594069361,0,0.00697595499455523,12.3189345470375,0.0748301010243005,0.0276212816967382,0.00521980884618432,31.5614431743911,0.340024788071213,0.0839721573367661,78.8902880790451,38.0891056553829,27.9272363576827,4.15008264156434,4.0180721501406,3.60629466486845,4.34499570302689,3.06409372545554,2.96009059071297,0.111879336485898,3.87918421045959,0.102208020733692
"68",0.00146015243310296,0.155383975319087,0,0.00654760413433116,10.3231026793838,0.0362685936172871,0.0119795436725525,0.00379677351733751,32.1056867698778,0.236081227601936,0.0574808901351815,68.6511844600308,33.142480607934,25.4289249830336,5.83512255528672,3.54767430404354,3.42647355894988,4.60085440642444,3.14322125297899,2.70082388699185,0.0863164072609876,3.59413817869404,0.0749596879340619
"69",0.0013766898586587,0.144197914574875,0,0.00568855714999467,10.9431064279792,0.166425931914759,0.0501597044164285,0.00508597876614193,30.565457747695,0.309459721299294,0.0759803711139058,70.1250754113754,37.9421467737278,31.4004701036504,5.80961985981601,4.70056209853016,4.40868562358969,5.06945738987687,3.45299665678021,3.53887005606846,0.0985075263264463,4.92647043568531,0.0893376585825381
"70",0.00130809951122823,0.160212421377116,0,0.00728459181382671,11.088809181011,0.0484417196063969,0.0141186915761781,0.0037785907667746,31.9022219679815,0.255312915648288,0.0563485220139855,64.1876660364158,36.1836873600116,23.9995209518475,4.84479290666906,2.8313994643692,2.92534725967108,3.99708273951211,2.89485513857202,2.63492622591816,0.0888925986020956,3.46625837976535,0.0828453086042242
"71",0.00140458256769934,0.15310325508493,0,0.00717732186533809,12.1024050509583,0.148202029442786,0.0445118253193567,0.00402777451210933,30.5579077219227,0.29312079048359,0.0686047241544695,62.4611488096814,33.9680447608613,26.908684605353,6.00189021750725,3.45236962646278,3.38803064318242,4.54504453813738,3.18639473118413,3.22288366965043,0.0821384903712091,4.03311956403192,0.0776022509505261
"72",0.00145928781272452,0.124710888390847,0,0.0057953869845135,9.47853499843409,0.0211849746322067,0.00452233320056095,0.00337460216196229,27.2863589293137,0.166026551237219,0.03762341394019,66.9092442053835,44.2801497887075,26.1179167029245,5.33172632135322,3.91431134465119,3.54639689276774,4.44803800273664,3.13062485486878,2.97888801255719,0.0951651408669052,4.00383523848267,0.0895581418127243
"73",0.00146814235464051,0.157948997133161,0,0.00836556139003234,10.9009459674586,0.109342252371579,0.0449162154123852,0.00753946869009156,28.8835573389018,0.3477132990591,0.087512917041639,57.9672842041239,38.0853993913751,28.7396052690538,5.63846145761371,3.54364765881372,3.42895017915927,3.95344307072349,2.85029022911701,2.97921280321196,0.0921285150642444,4.04012549696112,0.0791186332338151
"74",0.00127575111721231,0.152280648068144,0,0.00744617493511858,10.7900559715439,0.0509200972017798,0.0162305732453743,0.00469535275938021,29.4874604557498,0.264373523125841,0.0622536436322293,91.1540225682683,37.9610856655085,28.4802376086202,5.53604312416202,3.98927943443939,3.73374983647598,4.48477053984708,3.04160150986986,3.41038048187885,0.0772687944707952,4.54966103236144,0.0680722622415478
"75",0.00138064559539085,0.161451640531976,0,0.0065706576805308,11.1130521989514,0.0569824548694754,0.0209184254921382,0.00473324778248293,31.9246933098246,0.282277051665809,0.0672893308776733,69.085219993934,41.6634350013789,29.4239942961107,5.56242870033394,3.97635251235253,3.71798096218851,4.61329157604176,3.17453227398132,3.21748199307012,0.0845369375036475,4.30252404380242,0.073745890488311
"76",0.00136469001431187,0.136654033004746,0,0.00706804743464043,11.4319031104625,0.0613052248237204,0.0201583700842604,0.00468869105681831,29.158232831887,0.274822119990304,0.0640385489615368,76.2908727323345,39.4267446719478,35.197353809523,5.82145575017908,4.20535936037358,3.78571816970635,4.53330458820527,3.14567357510951,3.55102492207695,0.0823235448152369,4.4915602548621,0.0737681829344997
"77",0.00144935593056146,0.161172009873381,0,0.00674629707653432,11.5972582944127,0.0391030349059199,0.00931478583939371,0.00294638326485487,29.8195432517467,0.173050066286009,0.034811065194915,68.4347005915146,38.7843041930031,30.0803097892066,5.44826329856786,3.48649021347518,3.56327439858725,4.34502170392966,2.96242084788897,2.79033848328891,0.0773160066208029,3.81745737248202,0.0691229580550716
"78",0.00158566999355399,0.133183819015417,0,0.00586963218161325,11.4458415831343,0.0485190080763895,0.0125838676751643,0.00325644633883415,29.1003323660813,0.198079864260393,0.0388157957449595,61.5480182660224,42.380307402473,29.4383872137825,5.38621826709833,3.3335768976514,3.16304194556446,4.13219987874811,2.703387509369,2.64950254328223,0.0742432506182923,3.46140688914657,0.0699809536190503
"79",0.00139117408227496,0.113291346501764,0,0.00605797852110438,11.6953949730488,0.0436502264574363,0.0114372827583022,0.00473861322012981,30.9415858690624,0.234014954743951,0.0525734736655821,62.8200740563805,44.4748911479798,29.2176230501442,5.88215464153744,3.95704032000112,3.62635990926549,4.76504764798677,2.88977798678573,3.24389606994896,0.0608978516526998,3.97382949021949,0.0562413613485499
"80",0.00150790191851353,0.157021801971177,0,0.00687652168611308,12.8011940993423,0.107168360261679,0.040472748949747,0.00567117350187885,29.7657461361772,0.268217366994992,0.0632673076539237,70.0333053019108,41.62318081797,28.6736754106574,5.27460199276349,3.85965381433306,3.75668951807752,4.60962346779273,2.75624601739051,3.03735401432273,0.0898208699890061,3.77141146433326,0.0790154633152414
"81",0.00146961520144168,0.222536645857187,0,0.00807462190937515,12.4168661287361,0.0880422162162815,0.0302135444672528,0.00558590567828208,28.6018403645696,0.345029925469762,0.0837216742388031,65.4758557257072,43.2462048942313,31.8682656367883,7.2794319634913,3.23435640865651,3.21861533409263,3.92893232298862,3.09889811194841,2.98574833982523,0.0655625541610134,3.5995859650629,0.060963549690744
"82",0.00154161197236688,0.145812581536018,0,0.0060151260047576,12.4758968899731,0.0763605289275329,0.0272938809510368,0.00519811158267689,27.0872068368525,0.230595439388071,0.0539486976344485,61.5076306595056,36.2462742977849,26.3013688529446,4.93954644044734,3.65900733987132,3.39286448882331,4.24041130210579,2.89460617770983,3.08190132732175,0.0720097367839119,3.93752182404072,0.0632067347168282
"83",0.00155899114891729,0.112554396800638,0,0.00481856357287466,11.9418039486865,0.0525046218806459,0.0145408719080336,0.0030077395855216,26.5280593792968,0.204508980002947,0.0424916590295099,46.2689822266241,38.1861680052513,25.1389848644353,4.65880727477493,2.71222092841639,2.85687263104211,3.26529980647718,2.22230686138942,2.199635521971,0.107833606636601,2.69947651050866,0.102449864989967
"84",0.00132459658251756,0.17081844709628,0,0.0059557135510102,10.8038211215055,0.0601613416624176,0.0211966523435781,0.00453628628325099,25.606441897036,0.259779886278156,0.0606389630899273,57.6508655891998,39.9085049359991,25.8753263478473,5.50918999433037,2.78504577331149,2.67607701060257,3.47461822848309,2.69209070562372,2.52226062359408,0.0738274294779933,3.40458846096423,0.0727344476955644
"85",0.0014076886114617,0.19492612370372,0,0.00644239749617239,11.3224896378436,0.108039489559647,0.0414512575851371,0.00492912254935541,28.2095258154828,0.29860615441115,0.0698950905656285,57.1938200328131,39.8155793944675,27.0650177962143,11.0294683249799,2.98984322942601,2.96131762311031,4.01961093123862,2.83003958754594,2.86526192581705,0.0954947994193869,3.62015079574815,0.0918711760756114
"86",0.00143990258785082,0.174949971357292,0,0.00751114119625606,11.3647134272399,0.0543081744576603,0.0182853356768799,0.0050241250428698,28.7145419835164,0.26524493236049,0.0646318743597831,64.1071768517999,43.3682087496879,30.3154018184545,7.42576767089859,3.6131596072116,3.54541459440915,4.27070044992669,2.98514432625039,2.9986422253509,0.0910397354323082,3.6745963903808,0.0836339372284003
"87",0.0014917496228185,0.175950944071431,0,0.00487203612877439,13.2901690143837,0.071043517936009,0.0230180324610838,0.00442336872641889,30.4848431178294,0.288894410203536,0.0668141470638243,47.7546680929128,43.711304516782,30.6517780801597,6.53341298279921,3.10463973426812,2.97528264223307,3.88960455562163,2.85797893424441,2.55960975355729,0.0811263453541721,3.25679355194656,0.0784314427852125
"88",0.00140464159719289,0.153299876333911,0,0.00754261816154172,13.0990568562031,0.0641558043767844,0.0205457273689815,0.00425535686515168,30.5645096858059,0.275770969879449,0.0659583772748025,49.0451168703356,37.9741073314358,27.7639321016446,7.82809528439146,3.03438483628797,3.01865823591444,4.02751769405975,2.72868375631033,2.39135598230071,0.0814670911301126,2.89650829073871,0.0826502543937282
"89",0.00125509899917982,0.194950603553212,0,0.0055177398360834,12.8270534329114,0.0891179748546982,0.0322645082932633,0.00380889384071802,30.1711444048122,0.238217141691142,0.0514761866889916,55.0092089961797,46.6960046309031,29.0846103848488,8.44382395688256,3.1292374800596,3.05241015261551,4.14688177541957,2.39854536470484,2.56600643732463,0.0885025545008779,3.12818682736951,0.0814837158439135
"90",0.00147668875104589,0.219237270718544,0,0.00624475419378862,12.1281359526265,0.0819908242570564,0.0302586234721265,0.00546762955758139,29.2957403188941,0.346288023502438,0.0870234129977477,50.7097876275312,43.2849406990474,27.5103189612556,7.41986564816921,2.92538923592603,2.80816765580958,3.68780622116921,2.68032549185808,2.51739925332547,0.0918296722215388,3.12945943407875,0.0838111768550807
"91",0.00143531456026723,0.15350354315543,0,0.00629803710781543,11.8305572356763,0.0479980912600819,0.0128837886255457,0.0032271844222702,27.2830463300916,0.218368814557015,0.0458041785463558,52.690289510924,39.3945977846736,26.7805948101256,6.4031091356231,3.06036354508367,3.07077859506083,3.7140876599843,2.63996399068169,2.63473428837135,0.0788987518328133,3.18695661293953,0.0691182835206725
"92",0.00146952755812418,0.190028211033208,0,0.00553129178427861,12.2539471040907,0.0501716411335637,0.0152912656942064,0.00390940278134045,31.0597607180439,0.244093136750487,0.0553889581528374,52.2748917441057,51.1345105699299,27.5243944453367,9.85023380528295,2.91403761147948,2.89592852807714,4.07953649812811,2.61631579325619,2.56497804397784,0.0808445438274,3.26804442619991,0.0774457277409663
"93",0.00134767935611687,0.217761072268727,0,0.00624203815792979,10.6055025962656,0.0415187964943854,0.0118307595933431,0.00299626407066053,25.6542148351326,0.22289077191295,0.0479572457779304,54.5486963664876,44.1600367728835,29.6667459513969,9.10032781128822,2.57593459010134,2.69001159489592,3.46385916135218,2.44500265555469,2.41050243108159,0.0891164199151681,3.15010059824888,0.0821917063987309
"94",0.00143010192058287,0.270143380509417,0,0.006590887003458,11.9993186503584,0.0855216354712826,0.0320809935364227,0.00519690181771771,28.5162895979912,0.326371270731231,0.0814642561940807,51.9279376931477,53.3414224681091,28.1950020630979,9.04736688239976,3.0833289361146,3.00199759864394,3.69041226739663,2.57195271143064,2.54761791760373,0.0606028043061705,3.39922379372433,0.0514290574984262
"95",0.00148929906432093,0.189864374375405,0,0.00632563479729832,11.1643172165249,0.0935950277976436,0.0396117497345309,0.00524087986933295,27.5839859188882,0.31602077286314,0.0843199797340218,55.1190995535531,47.9660576258186,26.124900336198,6.21702637459393,2.55992596979692,2.30826915976089,3.46904080631918,2.2646137380944,2.28257279287337,0.0581793898441476,2.99541495274499,0.0529926451143294
"96",0.00145585857788983,0.245622368072614,0,0.0064262660255966,10.9379353691563,0.0623696086624533,0.0227856368402626,0.00416376572500916,26.1664874983349,0.287431945911112,0.0713666773210644,46.8261487398984,42.5979502170815,27.1399732361922,8.92742008440777,2.60060969678024,2.43842950644478,3.36056636773541,2.15736619565422,2.27238559592042,0.0528703401326107,3.04510494656227,0.0493747541968941
"97",0.00142826390359959,0.234035898267667,0,0.005744454070521,10.5283857904898,0.039806430118947,0.0124415354984438,0.00298055618465353,26.8479624589059,0.214874465349084,0.0483448511168259,52.0303995814563,47.5967151151181,28.6006297157006,10.1055491483273,2.34161676440194,2.34662279603079,3.30639076026283,2.18965404887861,2.31879983007033,0.0602472108735799,3.02036524824796,0.0549453470578809
"98",0.00149591572785852,0.26225713877374,0,0.00691095228646035,11.1451938047724,0.0777218875709413,0.0301431840032504,0.00497638551722573,28.4222827536015,0.290845507830582,0.0722786515593224,56.8291667367387,49.4661666361774,30.4915328621914,13.0536348885559,2.48231310921247,2.34478173807206,3.41645662021092,2.33560688655226,2.40394823224147,0.0500604108023294,3.05949293058919,0.0427399107054497
"99",0.00144988516588505,0.291089630522168,0,0.00574904432507846,11.4626146019581,0.0776180109954369,0.0280138473008117,0.0032098599314415,27.5851641796632,0.24303328952881,0.0549632198556946,53.2147252390383,50.859539293427,27.0723372071522,10.284836590875,2.56416364840501,2.5298578387412,3.67592281192101,2.28140462027449,2.37548762696891,0.0578896533856924,3.02086724355174,0.0521592038343268
"100",0.00143564617126899,0.264747732346201,0,0.00615220465070563,11.7307823738452,0.0825995278561816,0.0320803064837163,0.00458409914324094,29.1601743010469,0.295319456101823,0.0734258482141595,52.9765014297726,50.5790680017182,28.9448734970413,12.5364723985286,2.6090683999591,2.36264747555771,3.63293396937708,1.94383014337287,2.18432923463192,0.0721968711185063,2.93890497320616,0.0633427857027729
"101",0.00153423761135886,0.294665640891228,0,0.00567994049102682,10.7661962856489,0.0418219763732127,0.0122920077271319,0.00262311905451342,27.0101801899437,0.210450209426302,0.045073247225744,47.4175122790941,47.4275247737086,28.0237744723807,11.2054925157486,2.51613020320056,2.46983977280236,3.63467814787627,1.99646722207142,2.33501894418637,0.0562188040648442,3.12080023563477,0.050489602485202
"102",0.00141034236658334,0.293328682398189,0,0.0061645449047065,10.8489714730119,0.0538647656417358,0.0185872061007212,0.0039047530886198,28.4249330180701,0.271238198611686,0.0658561943230829,51.0646297529354,49.8107101239603,29.3039493317492,10.7805595807607,2.69086702008586,2.55123119162822,3.91545081676529,2.4471313895364,2.57456918991218,0.0525765762884958,3.53500707535303,0.0462527124947358
"103",0.00133687432786131,0.264415334487363,0,0.00614407370351598,10.5073392680673,0.0543930503560899,0.0205906746447382,0.00417568263504234,27.0099609264491,0.290613189620547,0.0729801214952042,51.4477417806697,49.3279457993782,29.5639040036737,12.059148487778,2.75911973113806,2.57453614643149,3.93131453822721,2.42100675482567,2.58421790543769,0.0509493578361363,3.51054258483908,0.0456535116914248
"104",0.00145053864959318,0.282385903721094,0,0.006150226605929,9.94230540556246,0.0438563782710645,0.0144243153603991,0.00262536731695549,27.1682316443828,0.212573262211502,0.0476199842422163,52.1122697272764,51.9692306913822,28.7335573011984,12.8184747358816,2.37258487973567,2.30471489687232,3.79643568622563,2.30651886804577,2.33628770859411,0.0601239312186294,3.19520198131392,0.0550409273152451
"105",0.00136379768150962,0.301942694600837,0,0.00627818470482355,10.4877818835507,0.0498274017470203,0.0174923433658794,0.00246500337819889,27.7553861738444,0.220996799418648,0.051256517990854,49.1308150875303,47.8621389223348,27.6631715939702,15.9312076814331,2.66701951885337,2.56598383301474,4.2771822545762,2.35662380885142,2.72403243761148,0.0662652694366098,3.73733075279405,0.0610583061495187
"106",0.00138748161620897,0.296463617358743,0,0.00615939323807272,10.0433468958656,0.0440926538097999,0.0146958213367298,0.00317068273646181,27.2515227495,0.220991781305547,0.0510694664118007,48.4909209129089,54.2631951304197,27.3194269681249,17.6516908821177,2.6380168799281,2.52542484611164,4.15717743286444,2.26335967075522,2.61348571724422,0.0533973244962565,3.59629323456222,0.0516289987542238
"107",0.00143719449487067,0.287626168864807,0,0.00743378144132338,9.71635192215778,0.0490086083635997,0.0187564742755101,0.00396801393788383,27.8220031603193,0.274188770621856,0.0722734150311762,55.5723791119064,55.1681025636773,28.5269680122354,14.5383180032603,2.57232404459142,2.392175421566,3.93556388648922,2.11936903660542,2.53674482174548,0.0647816259372685,3.43161377803024,0.057882649815426
"108",0.00152440107948718,0.322146507606692,0,0.00631938657729954,9.12766484149882,0.0394973971206538,0.0128841905156448,0.00269264209948871,26.51136530784,0.20791198156134,0.0460306572137639,48.2840847445902,52.9059159948592,27.5407098164941,12.0080362624219,2.30770477912507,2.27883456571633,3.72767549000508,2.06353454199713,2.30399325705875,0.0714601175972382,3.12240833954378,0.0649005808049927
"109",0.00137057682726332,0.281746609598764,0,0.00602956962224958,9.3971983753748,0.0409951784740419,0.0133538688354169,0.00283496972961959,26.7285584400386,0.235371187895202,0.05539407193436,48.4662611961335,49.0887846175161,26.8591796030067,12.7202101148674,2.2779398398235,2.10858359768731,3.57894010824967,1.78002491593622,2.20833779327188,0.0729687579706599,3.0355672162416,0.0658583747707103
"110",0.00143219959256353,0.248335776995786,0,0.00758329689304266,8.6993962058952,0.0449589639599477,0.0163030901062929,0.00312859259865009,28.5644291786955,0.237159690448975,0.0568824801107266,54.9262561031416,56.6730025526122,30.447174220092,16.830493657804,2.40006392641546,2.26210368903827,3.86406558918638,2.15342688283788,2.51443427765784,0.0658598820634344,3.52310083136835,0.059699069712819
"111",0.00139838249029396,0.262237732321938,0,0.00659782033679221,8.53095657708114,0.0515242481376645,0.0191768824902484,0.00314804006264456,28.4775559158005,0.197440336711241,0.0442802456791355,48.2122367634244,50.4320564228472,28.6379381032673,14.937109654641,2.23851867730821,2.12087186492805,3.65314917348571,1.82061782766666,2.24609552718666,0.0689668635275307,3.10013513286943,0.0615119336155081
"112",0.00142102175448107,0.276113071676435,0,0.00648975352230357,8.91222309063335,0.0558985955300286,0.0206503185231101,0.00387887065677652,27.233391426334,0.225842233771863,0.0542461239124086,50.6654508613954,52.0902795691003,29.9592692494192,11.203084656767,2.30558995572589,2.21464336179682,3.64228666638709,1.98312816307011,2.40908740681143,0.0544301142187655,3.24647756565451,0.0470469652863897
"113",0.00136606043560403,0.252517246655906,0,0.00677302083650489,8.98166300378557,0.054317926022166,0.0208221292623076,0.00472817260611791,27.7154937765602,0.296903910139688,0.0794544972514553,49.9070971288292,50.2580474246989,27.7765894653487,12.4514132234997,2.42310688882235,2.14382420619459,3.71045302994045,1.76943724300551,2.32568683936604,0.0681663596596268,3.22598621413195,0.0612970570098092
"114",0.00145155656603161,0.268723201643268,0,0.00648355506096911,7.80995849289746,0.0292579660956763,0.00968541051140954,0.00276982270250166,26.619620762264,0.201963942462394,0.0468120005788874,47.4760692727794,49.9374872604227,28.4640599784885,14.461517710386,2.24547423495541,2.04178774329947,3.48245600650229,1.86431412643958,2.29985696949644,0.0610345299523846,3.11997007367908,0.0558561877147035
"115",0.0014682287162857,0.280980167430636,0,0.00611784098351646,7.68356297901271,0.0418186387914706,0.0159984650314575,0.00326577831204435,26.8878438568932,0.232038790184381,0.0568259255192477,42.8347958623551,49.4111424486538,27.9047342871067,11.4639732675621,2.11039658621682,1.99666414261611,3.2873612439458,1.68580885375158,2.04680361952894,0.0676042104565551,2.62019863023265,0.0607393062316655
"116",0.00143216586534191,0.318893445633896,0,0.00636937655674728,7.1828652714692,0.0388801816158969,0.0141413420061298,0.00301699944338701,26.0441930078122,0.224179202899652,0.0547238795866307,49.938434644664,50.5311941935568,27.2715636794057,9.30178196932052,2.07845530335587,1.92130179992723,3.21488013414364,1.44926764398884,2.07317586094704,0.0619130235972516,2.54297720474943,0.0559807109057229
"117",0.00146624285354472,0.281024287870529,0,0.00612723588398674,6.41035877354586,0.0272195213556052,0.0103357705338674,0.00307094877593716,26.2250985911559,0.186572221003072,0.0444948713803434,45.5919998319453,52.5784483635169,29.6726035082228,15.3468157364307,2.05645879095832,1.97545006417826,3.14641512675623,1.7208758411058,2.0684121589866,0.0520449264723241,2.64088316379284,0.047727270430169
"118",0.00147606164586993,0.304156694483528,0,0.00577039776944683,5.9474244454213,0.021057934031013,0.00749159056302913,0.0022489913187937,26.1518222154576,0.164909909095595,0.0388069169074085,47.5224177146136,52.1791970252859,27.4360507293291,7.6785251094126,1.93422219174034,1.90048575901119,3.09057335124498,1.2785106746224,1.76513191462133,0.0773908916172425,2.14374451967321,0.07081252952368
"119",0.00135942961506196,0.300159350229797,0,0.00567331412867385,6.74821152233205,0.0239562037957014,0.00781558342584659,0.00252286880094085,25.7004281734579,0.187609569856341,0.0432728416808357,39.7969155188142,45.9240682807695,26.9987296255033,11.0785493058639,1.9903918422935,1.97197288822677,3.12502164835835,1.64243176464022,2.06291344752448,0.064862631016655,2.50457542171787,0.0600823771623622
"120",0.00137720445097008,0.235040291894947,0,0.00550067175347787,6.94238647145345,0.0344873124994803,0.012194873482492,0.00281999820729265,24.8497838084156,0.209654099281345,0.05034173848826,42.2685198143606,44.4517778011332,27.0238893644392,12.0550352726429,1.94259351298912,1.92254840641205,3.08492564939719,1.4030725382251,1.93960509783496,0.0691825992582353,2.49337510895515,0.0623644036712359
"121",0.00142275483600375,0.228887925895483,0,0.00499616753170826,6.23235008566501,0.0254810773299804,0.00953586219625083,0.00185064040758226,23.3592720075014,0.167449150393335,0.0415298124415345,34.6212395448483,42.0263811342006,27.681198561179,11.1213917053301,1.69838937069301,1.7296848328984,2.64477793378778,1.41767267369382,1.73543850375869,0.0734567566550882,2.20632992106893,0.0659615473737583
"122",0.00137881282609573,0.257370969193579,0,0.00628433678875758,6.13959707364376,0.0174260403435151,0.0050579936774011,0.00222456464902994,23.6246774394479,0.153705898795571,0.0339968298517106,40.5952964418979,48.6835154316402,28.4863609068194,8.92710059282786,1.79715392126847,1.80613493357488,2.85468881044868,1.29794342453412,1.8914151538065,0.0681371314000227,2.41134563744294,0.0624978878185804
"123",0.00145685535044833,0.290679418805489,0,0.00461263000523183,5.90950894385832,0.025538129621081,0.00901422731535495,0.00223846157511215,23.0924490339719,0.176582693452508,0.0416352429441683,34.9497112314112,42.0034676895127,26.9761840528251,6.61708917919436,1.51904918499441,1.64987182048861,2.53359445053298,1.21744815559943,1.61332300518751,0.0821200735943261,1.89851295287567,0.0735494639556692
"124",0.00142503772276504,0.275735892647127,0,0.00654779661711324,5.30742689581195,0.0145914273997962,0.00436473054630405,0.00270003361015769,22.1460783249355,0.14625198671353,0.0324568261952025,36.4692103579483,43.0810819011403,28.0254159412894,7.68599406906338,1.64382988095583,1.68211187918104,2.62865165819467,1.3867560012881,1.87538155473275,0.061022701094816,2.36720857284798,0.0547318263257154
"125",0.00145552138128624,0.289585230886253,0,0.00624923802901988,5.57576103120143,0.0221489622089121,0.00753330101305586,0.00315750507992101,22.4143918937786,0.160832704082238,0.0368845981656206,33.862828077289,39.9317467860926,25.5453388675682,10.9278314214368,1.65449305002639,1.70152693924097,2.73222152658017,1.22916565362228,1.92996039435958,0.0585779557130554,2.42917615260299,0.0536046518281036
"126",0.00141297396932421,0.255121955156943,0,0.00466667825046815,4.89384113000401,0.0178989595387148,0.00614525753984731,0.0020792053063768,21.0013101780997,0.154290132335851,0.0360609433305024,32.0498268844863,38.4330372649052,27.7185952536774,6.45048834757254,1.40663395328299,1.50824570680079,2.29385810127966,1.23145817119672,1.57016708529634,0.0662294396821691,1.89414154961194,0.0590407925441542
"127",0.00149406279174119,0.343278946054765,0,0.00433766980424033,4.41712214800366,0.0107050577598408,0.00280241822711297,0.00149407320202195,19.791801299013,0.117585137664259,0.0251201850448061,28.7479233091332,35.6803811125834,24.7532181379999,5.36659324482096,1.27487523608429,1.32920126406015,2.03484910873415,1.06560602799194,1.38724995933935,0.0669226623929062,1.72090348847738,0.0617389915619861
"128",0.00143840684249788,0.280833531726196,0,0.0041470994704047,4.38838884354189,0.0135288288094812,0.00445252278052772,0.00162878664222338,20.6887788078814,0.123027797287883,0.026978391345894,33.5230165483268,36.8855949350028,25.7695780163802,6.01619304418495,1.24098661911879,1.32564611622018,1.97446516789027,1.00708139356385,1.48584873647982,0.0604570811514479,1.84914009755316,0.0552804331254532
"129",0.00146889283057328,0.300158757095239,0,0.00375743492387453,3.65142936935045,0.0125765157601277,0.00425860218347985,0.00125203944337267,19.1611997780289,0.111463831198336,0.0232287711897413,32.8942268950831,37.8802652890613,23.2078515335831,5.67985953675834,1.17810464766701,1.18094165773418,1.91397993749747,0.966343204890074,1.37933011963977,0.0633227949302778,1.67809455274265,0.0608231363523104
"130",0.00143302599850427,0.359998056525286,0,0.00420223510136336,3.458566602435,0.00650907067858586,0.00143129468898425,0.00120149871779424,18.0179933734392,0.0946251269081317,0.0197065825059946,35.3074928546963,41.7941371320636,23.175748322504,8.16770533610933,1.26437586754663,1.28046499880321,1.94354846421189,0.947071436926649,1.44993781556666,0.0806480942308176,1.89429564074866,0.0762474429545533
"131",0.00149333713414326,0.352353441345187,0,0.00384752795666461,2.96526026291605,0.00643806812669343,0.00182973487679087,0.00174357907752638,16.719023370532,0.11426118447825,0.026673618383528,28.2967242573297,36.4832114062054,21.0366418655435,6.57476320696406,1.12556514314568,1.10989671858351,1.68178548300764,0.730523778360597,1.31284696147874,0.0779840239230105,1.63591850333254,0.0728098202025647
"132",0.00148108924574706,0.282948928900813,0,0.00362524808778212,2.68611966038163,0.00520068103333819,0.00125010345142687,0.000957998821002034,16.6895549696062,0.0868602906912168,0.0164490121622795,28.7773460191492,32.9082386606988,20.5867708455185,5.49388110546598,1.13334390003519,1.10256697796473,1.45752600758193,0.574840250534063,1.26528188549611,0.0925212353672506,1.54092129906788,0.0867988606145318
"133",0.00142307130765319,0.228400031405485,0,0.00237150823429045,2.61814135779383,0.00506327380894435,0.00123756906869403,0.000982777799128359,15.0200150522248,0.0811862986735261,0.0160614149198973,25.0119396054934,26.3474515053633,16.2781854310058,5.71519578940695,1.1062100885725,1.04180334597243,1.39825607280659,0.562031462938247,1.30339573795633,0.118782912472989,1.68278018449721,0.11228028713007
"134",0.0013805081769059,0.307804939283594,0,0.00259933299596607,2.29430053581337,0.00513140296824153,0.001378266556406,0.00140358880505485,14.7221325746509,0.0909237525909699,0.0204229424331432,23.1638262955223,23.7777455922401,16.0309733662748,4.72628730451025,0.978950768735806,0.964485646213883,1.28032838275948,0.483430537645583,1.15406287419347,0.118031796437401,1.55697922310967,0.110146204724516
"135",0.00153813117352418,0.155656541696872,0,0.00308637722228385,2.06657321870508,0.00265269563699803,0.000519486665090142,0.000865798244997408,12.6595202973063,0.0809046471462381,0.0171878841212663,38.0163151476901,38.5816030597685,15.5222881088858,5.14428462738365,1.08568129802268,0.942116494915184,1.18164308104092,0.519851274096783,1.17318568208571,0.129613764328792,1.55234604825219,0.122016319837439
"136",0.00148768191067598,0.315189518904208,0,0.00256764779567778,2.2029963304246,0.00564616621320228,0.00162644928748972,0.00231025622882842,16.6535064955683,0.146291984314831,0.0359961058085702,16.8025606034303,21.7336034584413,20.4708308722455,5.42923488241347,0.845170857185806,0.70244941502802,1.11791237099692,0.381614549187043,0.923961091306512,0.131796062443038,1.33338613983957,0.123978047889507
"137",0.00153093182520991,0.186051693201868,0,0.00637497302494739,3.03441463389381,0.00988061216518341,0.00324252152498062,0.00241509223060796,16.7590975075131,0.19869450102595,0.0510921847487905,30.1413569943579,67.3630832818114,31.8412978589731,8.12683285219187,1.18899137063402,0.99058515707137,1.26456156825192,0.645482009805038,0.904121082320551,0.129717007985633,1.63498007795181,0.117517907920535
"138",0.00151251352644874,0.193808168034132,0,0.00789796412863278,2.64287815630279,0.00605828005580326,0.00166040714106938,0.00300545348530919,17.315796989447,0.187858102470336,0.0474055852841927,34.5624590611187,82.8560269540842,40.1032035429996,9.63247508651607,1.35642982514979,1.13422908321333,1.72205890723996,0.646520029830692,0.991980037726961,0.134821353556625,1.69388055210204,0.121645474741291
"139",0.00137723332647979,0.621141994706845,0,0.0094140912314186,4.59685445291584,0.0119005681929923,0.00314252912796154,0.00241806919083739,20.012321392729,0.18572125679557,0.04325900751028,38.5670546965465,110.173238674222,43.121850781032,16.8098350922803,1.7787370711764,1.74006532782819,1.7940220357507,0.770623156320303,1.25468086158832,0.0280856690976738,2.13919468281027,0.0122781054702235
"140",0.00179382597660671,0.22153399834171,0,0.0079499279655634,3.57734649485942,0.00654026084604485,0.00171597373198548,0.00500342493109848,10.7104700010108,0.168242928121017,0.0486597466773685,33.9968440311984,126.612992652374,34.5414334231758,8.88711202195083,1.91693526835238,1.88626146094144,2.17957101023021,0.872845719009365,0.823156131466851,0.0367268879075082,1.91607780672614,0.0108196798773107
"141",0.000512926173503024,0.168084114812511,0,0.0072332902693738,1.83911399204936,0.00251592748950151,0.00145637464048093,0.00745952637964112,0.662105098474512,0.168024824492861,0.055729631865401,39.6512009942603,142.814801174872,22.4677758798159,7.4401563715392,2.00508925488865,1.8554614212883,2.63110678422536,0.894463237801167,1.38895143625413,0.0365135953030423,2.68658670163475,0.00834334909888721
"142",0.00195350502997145,0.132573829172299,0,0.007312080831976,4.29520290066791,0.00999415859773462,0.00254590562415792,0.00244194404855461,18.6615998212905,0.134513364596163,0.0277125360548297,27.7514085262846,98.5579452230569,33.303969215889,9.83848054685781,1.42414227386928,1.49400313697604,1.17575339181108,0.443088312275234,1.3843140146267,0.00881672209946357,1.71189861348763,0.00615047373103135
"143",0.00146341345742361,0.0335207317310099,0,0.00311985721886678,2.00869994844899,0.00430375444230504,0.00107401305039455,0.00116166801538378,2.93150449800377,0.0378551959557477,0.00984232481911716,12.6610991463956,54.9890991409991,6.19649387611776,2.12452717606631,0.443341053928679,0.646636382763883,0.14445756853387,0.136891163636997,0.319420329417305,0.0025871278370232,0.174647729683429,0.00466812152384598
"144",0.00117146749994042,0.161363389940224,0,0.000128877958080347,4.63389493688359,0.010961671329942,0.00287116286132231,0.000133768665678439,3.91177356497809,0.0366274928862051,0.00714112373990903,4.98859482288132,5.29085852918148,6.20073816101733,1.42325529373382,1.58548459570214,1.72211389884833,0.927356746856463,0.181974090485045,1.43130668592655,0.00594630034631379,1.00422629508529,0.00542840358131994
